{
  "drone_0": [
    [
      -120.0,
      -120.0,
      98.384747874363
    ],
    [
      -110.0,
      -70.0,
      35.0
    ],
    [
      -90.0,
      -50.0,
      35.0
    ],
    [
      -110.0,
      30.0,
      35.0
    ],
    [
      -50.0,
      30.0,
      35.0
    ],
    [
      -50.0,
      50.0,
      43.005213232283936
    ],
    [
      -70.0,
      130.0,
      37.005104085699536
    ],
    [
      -90.0,
      130.0,
      35.0
    ],
    [
      -110.0,
      110.0,
      35.0
    ],
    [
      -130.0,
      110.0,
      35.0
    ],
    [
      -130.0,
      30.0,
      38.69297917843579
    ],
    [
      -150.0,
      -10.0,
      49.699249124502586
    ],
    [
      -150.0,
      -30.0,
      51.755720926975634
    ],
    [
      -150.0,
      -50.0,
      47.11670603074641
    ],
    [
      -110.0,
      -30.0,
      85.971916312264
    ],
    [
      -110.0,
      -10.0,
      105.95060080868286
    ],
    [
      -110.0,
      70.0,
      80.53586360504762
    ],
    [
      -90.0,
      50.0,
      66.16251512657027
    ],
    [
      -50.0,
      70.0,
      61.134941671230735
    ],
    [
      90.0,
      10.0,
      106.3205418384067
    ],
    [
      110.0,
      10.0,
      115.7159628500433
    ],
    [
      110.0,
      30.0,
      105.21011701519566
    ],
    [
      50.0,
      70.0,
      79.89100319087697
    ],
    [
      30.0,
      90.0,
      91.08290495723939
    ],
    [
      30.0,
      110.0,
      63.44057889572147
    ],
    [
      -110.0,
      150.0,
      35.0
    ]
  ],
  "drone_1": [
    [
      0.0,
      -120.0,
      54.90740795001373
    ],
    [
      -10.0,
      -110.0,
      35.0
    ],
    [
      -30.0,
      -110.0,
      35.0
    ],
    [
      -10.0,
      -70.0,
      35.0
    ],
    [
      -10.0,
      -50.0,
      35.0
    ],
    [
      -10.0,
      -30.0,
      35.0
    ],
    [
      130.0,
      -30.0,
      35.0
    ],
    [
      130.0,
      50.0,
      35.0
    ],
    [
      130.0,
      70.0,
      35.0
    ],
    [
      150.0,
      130.0,
      44.9876020771919
    ],
    [
      150.0,
      150.0,
      35.74487856684024
    ],
    [
      -10.0,
      150.0,
      35.0
    ],
    [
      -10.0,
      130.0,
      51.09188545697784
    ],
    [
      -70.0,
      90.0,
      74.11708222584639
    ],
    [
      30.0,
      -130.0,
      39.163497294675665
    ],
    [
      30.0,
      -150.0,
      45.58983185419095
    ],
    [
      50.0,
      -150.0,
      38.66195860834862
    ],
    [
      150.0,
      -130.0,
      35.0
    ],
    [
      150.0,
      -90.0,
      86.76673264985209
    ],
    [
      130.0,
      -110.0,
      80.96683426130504
    ],
    [
      70.0,
      -90.0,
      35.0
    ],
    [
      -50.0,
      -110.0,
      42.48249790184976
    ],
    [
      10.0,
      -50.0,
      35.0
    ],
    [
      -10.0,
      -10.0,
      38.03742468264699
    ],
    [
      -70.0,
      -90.0,
      141.17795616219144
    ]
  ],
  "drone_2": [
    [
      120.0,
      -120.0,
      38.88506680304113
    ],
    [
      70.0,
      -110.0,
      35.0
    ],
    [
      70.0,
      -30.0,
      35.0
    ],
    [
      50.0,
      30.0,
      35.0
    ],
    [
      10.0,
      50.0,
      35.0
    ],
    [
      10.0,
      70.0,
      36.406969281870545
    ],
    [
      30.0,
      130.0,
      44.170224863087384
    ],
    [
      50.0,
      130.0,
      35.0
    ],
    [
      70.0,
      130.0,
      35.0
    ],
    [
      90.0,
      90.0,
      58.506022497224464
    ],
    [
      -90.0,
      -150.0,
      35.0
    ],
    [
      -150.0,
      -130.0,
      60.45645505536089
    ],
    [
      -150.0,
      -110.0,
      54.66677897821783
    ],
    [
      -110.0,
      -90.0,
      51.246235165704846
    ],
    [
      -70.0,
      -70.0,
      76.65686444346801
    ],
    [
      -50.0,
      -10.0,
      97.47735355951696
    ],
    [
      30.0,
      -70.0,
      97.74680584674576
    ],
    [
      110.0,
      -90.0,
      110.84266542120355
    ],
    [
      110.0,
      -70.0,
      71.59285676259104
    ],
    [
      130.0,
      -10.0,
      35.0
    ],
    [
      130.0,
      110.0,
      118.08467766936946
    ],
    [
      130.0,
      130.0,
      119.54111302364072
    ],
    [
      110.0,
      130.0,
      127.71793140030957
    ],
    [
      50.0,
      90.0,
      152.80854052180345
    ],
    [
      130.0,
      -90.0,
      168.5546806818988
    ]
  ]
}